Name ,Organisation,pwd
Idris,SG2000,idris@sg21
Chris,SG2000,chris@sg23
Nor,SG2000,nor@sg24
Ekok,SG2000,ekok@sg25
Femi,SG2000,FM@sg26
Samson,Notore,sam@tore27
Gbenga,Notore,ben@tore28
Odion,Notore,Dio@tore29
Emmanuel,Notore,Man@tore30
Bashir,OYSCGA,Boos@oga31
Taiwo,Psaltry,Tai@salt32
Stephen,CAVA II,Fun@cava
Demola,IITA,Demo@NG19
Thompson,IITA,Thora@iita
Saburi,IITA,Sauri@Kena19
Stefan,IITA,SaPr4cassava
Christine,IITA,SaPr@acai
Guillaume,IITA,minase@acai
Pieter,IITA,EAtool4acai
Vera,IITA,Eatool@acai
Turry,IITA,TO@EAtool
Meklit,IITA,MC@EAtool
Yemi,NRCRI,yem@cri20
Mark,NRCRI,mar@cri20
Busari,FUNAAB,sari@funa19
Florence,FUNAAB,flonce@funa19
Rebecca,IITA,Recca@iita
Ally,IITA,aldoa4
Abubakari,IITA,Mzab4
Frederick,IITA,Fbai@4acaitz
